cust_id;cust_firstname;cust_lastname
1;Renata;Montenegro
2;Giovane;Maldonado
3;Fabiana;Pena
4;Henrique;Romero
5;Alexandre;Campos
6;Luana;Matos
7;Rodrigo;Duarte
8;Daniel;Barreto
9;Emília;Dominato
10;Luara;Barros
11;Mário;Cruz
12;Emiliano;Ferreira
13;Catarina;Bezerra
14;Pablo;Furtado
15;Abril;Fontes
16;Felipe;Padrão
17;Pâmela;Faria
18;Mateus;Fernandes
19;Alma;Fernandes
20;Mateus;Padilha
21;Adriana;Leon
22;Luara;Guerra
23;Fernando;Verdara
24;Vitória;Ferraz
25;Suzana;Fonseca
26;Madalena;Sanches
27;Mateus;Pontes
28;Pedro;Maldonado
29;Fátima;Aragão
30;Antonieta;Mendonça
31;Andres;Ferreira
32;Abgail;Camacho
33;Luana;Meireles
34;Franco;da Rosa
35;Christian;Leal
36;Pedro;Paes
37;Mel;Serrano
38;Adriano;Serna
39;Isadora;Uchoa
40;Sebastião;Serrano
41;Alexa;Correia
42;Valéria;Dominato
43;Micaela;Bezerra
44;Manuel;Ferreira
45;Alonso;Salazar
46;Camila;Casanova
47;Simão;Tamoio
48;Micaela;Rocha
49;Irene;Serra
50;Manuel;Rocha
51;Micaela;Leal
52;Bruno;Barreto
53;Jerônimo;Carmona
54;Pedro;Beltrão
55;Lucas;Ortega
56;Noel;Maldonado
57;Demian;Batista
58;Luis;Oliveira
59;Adriano;Chaves
60;Luana;Pereira
61;Paulo;Verdugo
62;Samanta;Meireles
63;Rafaela;Rodrigues
64;Jerônimo;Salgado
65;Antônio;Paz
66;Daniela;Lozano
67;Alexandre;Molina
68;Rebeca;da Cruz
69;Giovana;Rosa
70;Guilherme;Paz
71;Sofia;Corona
72;Máximo;Bittencourt
73;Simon;Casanova
74;Bruno;Flores
75;Regina;Galhardo
76;Joana;Campos
77;Tessália;Lira
78;Ivan;Salgado
79;Ornela;Maia
80;Diego;Ramos
81;Ziraldo;Ferminiano
82;Miguel;Padrão
83;Ashley;Maldonado
84;Fátima;Matias
85;Manuela;Soto
86;Luciano;Fontes
87;Alonso;Abreu
88;Estêvão;Bezerra
89;Andres;Torres
90;Emiliano;Pena
91;Isabel;Grego
92;Alexa;Martines
93;Leonardo;Aranda
94;Taís;Franco
95;Rafael;Torres
96;Christopher;Galhardo
97;Melissa;Valdez
98;Paula;Ferraz
99;Giovana;Padilha
100;Pâmela;Lira
